Index,User Id,First Name,Last Name,Sex,Email,Phone,Date of birth,Job Title
31,5d2feAfbdCAA6B5,Isaiah,Camacho,Female,jimblake@example.org,001-536-544-3367,1966-04-07,Food technologist
32,cDa5F303fCd6dEa,Jacqueline,Gallagher,Male,nsampson@example.net,(247)762-8934,1999-02-25,Building services engineer
33,8Ef7DBfcaB02b6B,Bonnie,Andrews,Female,caitlin24@example.net,+1-253-987-2776x9161,1953-12-21,Seismic interpreter
34,6Dec5b5542F8ed8,Brandon,Schmidt,Female,mconley@example.net,+1-386-673-1465x006,1931-05-12,"Engineer, biomedical"
35,3Fb8a7f68e12784,Jackson,Sparks,Female,reynoldsdarryl@example.net,(137)908-3129x65035,1980-11-18,Set designer
36,035eff50B9A0F24,Melody,Cook,Male,jeannovak@example.org,(826)792-7381,1963-06-25,Research scientist (life sciences)
37,aa614aAE4B7Cf0C,Leonard,Hurst,Male,clinton78@example.org,941-038-0427x38800,1938-03-13,"Accountant, chartered management"
38,ACcde95AAe3e6cC,Gene,Rich,Female,luisdeleon@example.org,+1-356-818-6604x89537,1946-08-22,"Surveyor, quantity"
39,b6a35de5CB6fc25,Cynthia,Wiggins,Female,rosariodave@example.org,(110)858-2437x70190,1984-01-27,Outdoor activities/education manager
40,e92A191E345fA3A,Tanya,Mckinney,Female,vickihouston@example.com,(830)774-9002x086,2003-03-12,Information systems manager
41,7D0AcBF6CCac3fd,Matthew,Stone,Female,evelyn31@example.org,952-381-6360,2017-08-23,"Scientist, clinical (histocompatibility and immunogenetics)"
42,CEFA7BBCef013AE,Kirk,Walsh,Female,stephenfuller@example.org,001-826-496-5529x8661,2009-04-08,Accounting technician
43,9edBC94aE7cA22a,Willie,Vang,Female,haleymathews@example.net,741.168.6854x067,1978-02-02,Management consultant
44,fFe7BAA737aDbe2,Miguel,Hill,Female,tyrone56@example.org,5247842945,1930-08-26,Make
45,5F2f3fAca8B0946,Darren,Andrews,Male,lhernandez@example.com,(975)799-4261,1997-10-04,Retail banker
46,6bFcfc3cc1BC6B4,Haley,Pugh,Female,molly03@example.org,(746)182-6137x2453,1980-09-16,Commissioning editor
47,f3BD2cBF7eEb6df,Danielle,Estrada,Female,jvang@example.org,(890)374-9518x772,1930-07-09,"Accountant, chartered management"
48,Ee4eB129dC7913A,Becky,Brady,Male,erikmueller@example.org,(390)002-0863,1957-06-27,Seismic interpreter
49,dBCEf340C3657Eb,Caitlyn,Frey,Male,rivasdominique@example.org,805-021-3965x46344,1968-01-26,Jewellery designer
50,E47FB71DD9ACCd9,Joshua,Sweeney,Male,daisymcgee@example.net,875.994.2100x535,1954-07-28,"Education officer, museum"
51,eA3fDd79BE9f0E7,Heidi,Escobar,Female,staffordtravis@example.net,601-155-3065x1131,1931-09-25,Estate manager/land agent
52,aF0eE4547Bc025c,Brian,Oconnell,Female,saralong@example.net,952-283-1423x733,1911-10-23,Physiotherapist
53,9F5DeD7aD228F5a,Beverly,Esparza,Female,iphelps@example.net,+1-327-578-8754x6771,1930-12-09,Passenger transport manager
54,D3Fa0220dDE4d36,Nathaniel,Rivas,Female,roberto29@example.com,(655)887-2040x37888,1908-11-17,Call centre manager
55,60FdBFd5e7BE8fF,Debra,Payne,Female,yolanda07@example.org,001-731-525-8400x52593,1927-08-20,Special educational needs teacher
56,D8bF5Ab2b98caff,Mackenzie,Rocha,Female,abbottyvette@example.net,4225525458,1980-10-21,Museum/gallery exhibitions officer
57,CD8d33aA25bc8BB,Courtney,Watkins,Female,ochang@example.org,210.683.2761x5883,2003-12-07,Pension scheme manager
58,Fac3BfFf0A3d03c,Fred,Olsen,Female,amyanderson@example.com,497-774-3053,1910-04-10,Archaeologist
59,e552D7ddafe1FFb,Ryan,Nelson,Female,qnorman@example.org,956.330.2951,1924-05-02,Historic buildings inspector/conservation officer
60,0f8deedb629A5f6,Grace,Phelps,Male,clarkeangela@example.net,(034)867-8827x6777,1909-10-15,Petroleum engineer
61,bB9e49E506F65ed,Shari,Daugherty,Male,kalvarado@example.org,001-951-655-4798x6124,1944-11-24,Curator